Record_ID,ROI,DSC,HD95,APL,SDSC,DSC_expert_IOV,DSC_binary,SDSC_expert_IOV,SDSC_binary,HD95_expert_IOV,HD95_binary,Category,Location,Why_are_you_interested_in_participating_in_this_challenge__Select_all_that_apply_choiceOpportunity_to_win_gift_cards,Why_are_you_interested_in_participating_in_this_challenge__Select_all_that_apply_choiceComparison_to_peersleaderboard,Why_are_you_interested_in_participating_in_this_challenge__Select_all_that_apply_choiceAccess_to_educational_content,Why_are_you_interested_in_participating_in_this_challenge__Select_all_that_apply_choiceAccess_to_contour_datasets_for_guidelineresearch_purposes,How_did_you_first_hear_about_this_challenge__Select_all_that_apply,Please_specify_Other,What_is_your_profession,What_year_of_residency_are_you_in,What_year_did_you_start_practicing_graduate_residency,Gender,Race_white,HISPANIC_Which_categories_describe_you___Select_all_that_apply___choiceHispanic_Latino_or_Spanish_origin,BLACK_Which_categories_describe_you___Select_all_that_apply___choiceBlack_or_African_American,ASIAN_Which_categories_describe_you___Select_all_that_apply___choiceAsian,OTHER_Which_categories_describe_you___Select_all_that_apply___choiceOther,Academic_affiliation,Practice_type,Colleague_num,Colleague_presence,Treat_site_Breast,Treat_site_CNS,Treat_site_Gastrointestinal,Treat_site_Genitourinary,Treat_site_Gynecologic,Treat_site_Head__Neck,Treat_site_Lung_Thoracic,Treat_site_Lymphoma_Leukemia,Treat_site_Metastatic,Treat_site_Pediatric,Treat_site_Sarcoma,Treat_site_Skin_Cutaneous,Total_years_of_practice
1010,GTVn,0.8440906307409676,2.5,797,0.5621935483421495,0.7872517371768033,1,0.42334746413656,1,4.546718452135996,1,Non-expert,US,Unchecked,Unchecked,Checked,Unchecked,Twitter,,Radiation Oncologist/Clinical Oncologist,,,Male,Unchecked,Unchecked,Unchecked,Checked,Unchecked,Yes,Academic/university,4.0,Yes,Unchecked,Checked,Unchecked,Unchecked,Unchecked,Checked,Checked,Unchecked,Unchecked,Unchecked,Unchecked,Checked,
1010,CTVn_4500,0.628277947711093,22.865202973378505,63023,0.633401451412193,0.7135174369142904,0,0.7492252054607809,0,22.46092653274536,0,Non-expert,US,Unchecked,Unchecked,Checked,Unchecked,Twitter,,Radiation Oncologist/Clinical Oncologist,,,Male,Unchecked,Unchecked,Unchecked,Checked,Unchecked,Yes,Academic/university,4.0,Yes,Unchecked,Checked,Unchecked,Unchecked,Unchecked,Checked,Checked,Unchecked,Unchecked,Unchecked,Unchecked,Checked,
1010,CTVp_4500,0.7502923688372906,24.951916819760285,25330,0.7039235261187421,0.7802725272109252,0,0.7400033935467787,0,21.733915775795886,0,Non-expert,US,Unchecked,Unchecked,Checked,Unchecked,Twitter,,Radiation Oncologist/Clinical Oncologist,,,Male,Unchecked,Unchecked,Unchecked,Checked,Unchecked,Yes,Academic/university,4.0,Yes,Unchecked,Checked,Unchecked,Unchecked,Unchecked,Checked,Checked,Unchecked,Unchecked,Unchecked,Unchecked,Checked,
1023,GTVn,0.8276133088813205,2.8561069255487976,967,0.5012248386873496,0.7872517371768033,1,0.42334746413656,1,4.546718452135996,1,Non-expert,Non-US,Unchecked,Checked,Checked,Checked,Twitter,,Resident Physician,2.0,2015.0,Female,Unchecked,Unchecked,Unchecked,Checked,Unchecked,Yes,Academic/university,20.0,Yes,Checked,Checked,Checked,Checked,Checked,Checked,Checked,Checked,Checked,Checked,Checked,Checked,7.0
1023,CTVn_4500,0.5837491163543598,34.042879650005524,64848,0.6274844290473369,0.7135174369142904,0,0.7492252054607809,0,22.46092653274536,0,Non-expert,Non-US,Unchecked,Checked,Checked,Checked,Twitter,,Resident Physician,2.0,2015.0,Female,Unchecked,Unchecked,Unchecked,Checked,Unchecked,Yes,Academic/university,20.0,Yes,Checked,Checked,Checked,Checked,Checked,Checked,Checked,Checked,Checked,Checked,Checked,Checked,7.0
1023,CTVp_4500,0.768689902239491,20.53104079697581,26400,0.711580652822771,0.7802725272109252,0,0.7400033935467787,0,21.733915775795886,1,Non-expert,Non-US,Unchecked,Checked,Checked,Checked,Twitter,,Resident Physician,2.0,2015.0,Female,Unchecked,Unchecked,Unchecked,Checked,Unchecked,Yes,Academic/university,20.0,Yes,Checked,Checked,Checked,Checked,Checked,Checked,Checked,Checked,Checked,Checked,Checked,Checked,7.0
1023,Bowel_Small,0.5178013811082116,31.43013190861857,139322,0.4507701405767719,0.7906517322838584,0,0.6931206822383676,0,21.815304167868636,0,Non-expert,Non-US,Unchecked,Checked,Checked,Checked,Twitter,,Resident Physician,2.0,2015.0,Female,Unchecked,Unchecked,Unchecked,Checked,Unchecked,Yes,Academic/university,20.0,Yes,Checked,Checked,Checked,Checked,Checked,Checked,Checked,Checked,Checked,Checked,Checked,Checked,7.0
128,GTVn,0.8734629115430385,2.1836590680368384,839,0.6115155750064039,0.7872517371768033,1,0.42334746413656,1,4.546718452135996,1,Non-expert,US,Unchecked,Unchecked,Checked,Checked,Twitter,,Radiation Oncologist/Clinical Oncologist,,2018.0,Male,Checked,Unchecked,Unchecked,Unchecked,Unchecked,No,Private practice (solo or group),4.0,Yes,Checked,Checked,Checked,Checked,Checked,Checked,Checked,Checked,Checked,Unchecked,Checked,Checked,4.0
128,CTVn_4500,0.77241152375926,20.872860413215616,53395,0.7998340194714262,0.7135174369142904,1,0.7492252054607809,1,22.46092653274536,1,Non-expert,US,Unchecked,Unchecked,Checked,Checked,Twitter,,Radiation Oncologist/Clinical Oncologist,,2018.0,Male,Checked,Unchecked,Unchecked,Unchecked,Unchecked,No,Private practice (solo or group),4.0,Yes,Checked,Checked,Checked,Checked,Checked,Checked,Checked,Checked,Checked,Unchecked,Checked,Checked,4.0
128,CTVp_4500,0.6776057492885738,67.67637574979246,28388,0.5503323132906096,0.7802725272109252,0,0.7400033935467787,0,21.733915775795886,0,Non-expert,US,Unchecked,Unchecked,Checked,Checked,Twitter,,Radiation Oncologist/Clinical Oncologist,,2018.0,Male,Checked,Unchecked,Unchecked,Unchecked,Unchecked,No,Private practice (solo or group),4.0,Yes,Checked,Checked,Checked,Checked,Checked,Checked,Checked,Checked,Checked,Unchecked,Checked,Checked,4.0
128,Bowel_Small,0.7282777286686776,41.9921669960022,127500,0.6221537235104286,0.7906517322838584,0,0.6931206822383676,0,21.815304167868636,0,Non-expert,US,Unchecked,Unchecked,Checked,Checked,Twitter,,Radiation Oncologist/Clinical Oncologist,,2018.0,Male,Checked,Unchecked,Unchecked,Unchecked,Unchecked,No,Private practice (solo or group),4.0,Yes,Checked,Checked,Checked,Checked,Checked,Checked,Checked,Checked,Checked,Unchecked,Checked,Checked,4.0
146,GTVn,0.6483541430192963,79.85451537779966,1130,0.3406790804807578,0.7872517371768033,0,0.42334746413656,0,4.546718452135996,0,Non-expert,Non-US,Checked,Checked,Checked,Checked,Twitter,,Resident Physician,2.0,2020.0,Female,Unchecked,Unchecked,Unchecked,Checked,Unchecked,No,Academic/university,9.0,Yes,Checked,Unchecked,Unchecked,Checked,Unchecked,Checked,Checked,Unchecked,Checked,Unchecked,Unchecked,Unchecked,2.0
146,CTVn_4500,0.5358014839304206,30.524398392547774,66565,0.5209141003216441,0.7135174369142904,0,0.7492252054607809,0,22.46092653274536,0,Non-expert,Non-US,Checked,Checked,Checked,Checked,Twitter,,Resident Physician,2.0,2020.0,Female,Unchecked,Unchecked,Unchecked,Checked,Unchecked,No,Academic/university,9.0,Yes,Checked,Unchecked,Unchecked,Checked,Unchecked,Checked,Checked,Unchecked,Checked,Unchecked,Unchecked,Unchecked,2.0
146,CTVp_4500,0.6989352295335642,47.551574155699846,26447,0.6354215501594543,0.7802725272109252,0,0.7400033935467787,0,21.733915775795886,0,Non-expert,Non-US,Checked,Checked,Checked,Checked,Twitter,,Resident Physician,2.0,2020.0,Female,Unchecked,Unchecked,Unchecked,Checked,Unchecked,No,Academic/university,9.0,Yes,Checked,Unchecked,Unchecked,Checked,Unchecked,Checked,Checked,Unchecked,Checked,Unchecked,Unchecked,Unchecked,2.0
146,Bowel_Small,0.4521390094967138,52.27445055699223,138107,0.4157998216881128,0.7906517322838584,0,0.6931206822383676,0,21.815304167868636,0,Non-expert,Non-US,Checked,Checked,Checked,Checked,Twitter,,Resident Physician,2.0,2020.0,Female,Unchecked,Unchecked,Unchecked,Checked,Unchecked,No,Academic/university,9.0,Yes,Checked,Unchecked,Unchecked,Checked,Unchecked,Checked,Checked,Unchecked,Checked,Unchecked,Unchecked,Unchecked,2.0
17,GTVn,0.1771593330826125,47.51003760664775,973,0.0798321967574725,0.7872517371768033,0,0.42334746413656,0,4.546718452135996,0,Non-expert,Non-US,Unchecked,Checked,Checked,Checked,eContour website announcement,,Other,,2020.0,Female,Unchecked,Unchecked,Checked,Unchecked,Unchecked,Yes,Academic/university,20.0,Yes,Checked,Checked,Checked,Checked,Checked,Checked,Checked,Checked,Checked,Checked,Checked,Checked,2.0
17,CTVn_4500,0.378494536343178,38.51967315166369,68364,0.47381685070688123,0.7135174369142904,0,0.7492252054607809,0,22.46092653274536,0,Non-expert,Non-US,Unchecked,Checked,Checked,Checked,eContour website announcement,,Other,,2020.0,Female,Unchecked,Unchecked,Checked,Unchecked,Unchecked,Yes,Academic/university,20.0,Yes,Checked,Checked,Checked,Checked,Checked,Checked,Checked,Checked,Checked,Checked,Checked,Checked,2.0
17,CTVp_4500,0.7311265330102078,31.549442760663624,28160,0.6338137520515237,0.7802725272109252,0,0.7400033935467787,0,21.733915775795886,0,Non-expert,Non-US,Unchecked,Checked,Checked,Checked,eContour website announcement,,Other,,2020.0,Female,Unchecked,Unchecked,Checked,Unchecked,Unchecked,Yes,Academic/university,20.0,Yes,Checked,Checked,Checked,Checked,Checked,Checked,Checked,Checked,Checked,Checked,Checked,Checked,2.0
17,Bowel_Small,0.30653694001924514,35.36656284592119,147902,0.26286973739056374,0.7906517322838584,0,0.6931206822383676,0,21.815304167868636,0,Non-expert,Non-US,Unchecked,Checked,Checked,Checked,eContour website announcement,,Other,,2020.0,Female,Unchecked,Unchecked,Checked,Unchecked,Unchecked,Yes,Academic/university,20.0,Yes,Checked,Checked,Checked,Checked,Checked,Checked,Checked,Checked,Checked,Checked,Checked,Checked,2.0
18,GTVn,0.8427514999302358,3.851371244862682,1035,0.5133262400677722,0.7872517371768033,1,0.42334746413656,1,4.546718452135996,1,Non-expert,Non-US,Checked,Checked,Checked,Checked,eContour website announcement,,Radiation Oncologist/Clinical Oncologist,,2004.0,Male,Checked,Unchecked,Unchecked,Unchecked,Unchecked,No,Non-academic hospital,5.0,Yes,Checked,Checked,Checked,Checked,Checked,Checked,Checked,Checked,Checked,Unchecked,Unchecked,Checked,18.0
18,CTVn_4500,0.7112834315887444,16.2301677832047,61679,0.7015095766146632,0.7135174369142904,0,0.7492252054607809,0,22.46092653274536,1,Non-expert,Non-US,Checked,Checked,Checked,Checked,eContour website announcement,,Radiation Oncologist/Clinical Oncologist,,2004.0,Male,Checked,Unchecked,Unchecked,Unchecked,Unchecked,No,Non-academic hospital,5.0,Yes,Checked,Checked,Checked,Checked,Checked,Checked,Checked,Checked,Checked,Unchecked,Unchecked,Checked,18.0
18,CTVp_4500,0.8076362342298906,11.880389766014313,24222,0.787896039436915,0.7802725272109252,1,0.7400033935467787,1,21.733915775795886,1,Non-expert,Non-US,Checked,Checked,Checked,Checked,eContour website announcement,,Radiation Oncologist/Clinical Oncologist,,2004.0,Male,Checked,Unchecked,Unchecked,Unchecked,Unchecked,No,Non-academic hospital,5.0,Yes,Checked,Checked,Checked,Checked,Checked,Checked,Checked,Checked,Checked,Unchecked,Unchecked,Checked,18.0
182,GTVn,0.26466429372470623,92.5,1164,0.15443475784822439,0.7872517371768033,0,0.42334746413656,0,4.546718452135996,0,Non-expert,Non-US,Unchecked,Unchecked,Checked,Checked,eContour website announcement,,Radiation Oncologist/Clinical Oncologist,,2012.0,Female,Unchecked,Unchecked,Unchecked,Checked,Unchecked,Yes,Academic/university,2.0,Yes,Checked,Checked,Checked,Checked,Checked,Checked,Checked,Unchecked,Checked,Unchecked,Checked,Checked,10.0
182,CTVn_4500,0.44835247164123193,41.789717157172106,67027,0.4579876440095187,0.7135174369142904,0,0.7492252054607809,0,22.46092653274536,0,Non-expert,Non-US,Unchecked,Unchecked,Checked,Checked,eContour website announcement,,Radiation Oncologist/Clinical Oncologist,,2012.0,Female,Unchecked,Unchecked,Unchecked,Checked,Unchecked,Yes,Academic/university,2.0,Yes,Checked,Checked,Checked,Checked,Checked,Checked,Checked,Unchecked,Checked,Unchecked,Checked,Checked,10.0
182,CTVp_4500,0.6537747731308609,68.52361865971652,27712,0.5671425893208661,0.7802725272109252,0,0.7400033935467787,0,21.733915775795886,0,Non-expert,Non-US,Unchecked,Unchecked,Checked,Checked,eContour website announcement,,Radiation Oncologist/Clinical Oncologist,,2012.0,Female,Unchecked,Unchecked,Unchecked,Checked,Unchecked,Yes,Academic/university,2.0,Yes,Checked,Checked,Checked,Checked,Checked,Checked,Checked,Unchecked,Checked,Unchecked,Checked,Checked,10.0
182,Bowel_Small,0.8054732192321818,22.93473337256675,129705,0.6838572712629266,0.7906517322838584,1,0.6931206822383676,0,21.815304167868636,0,Non-expert,Non-US,Unchecked,Unchecked,Checked,Checked,eContour website announcement,,Radiation Oncologist/Clinical Oncologist,,2012.0,Female,Unchecked,Unchecked,Unchecked,Checked,Unchecked,Yes,Academic/university,2.0,Yes,Checked,Checked,Checked,Checked,Checked,Checked,Checked,Unchecked,Checked,Unchecked,Checked,Checked,10.0
186,GTVn,0.8744126984126984,1.9531240463256836,797,0.6234159600188661,0.7872517371768033,1,0.42334746413656,1,4.546718452135996,1,Non-expert,Non-US,Checked,Checked,Checked,Checked,eContour website announcement,,Radiation Oncologist/Clinical Oncologist,,2020.0,Male,Unchecked,Unchecked,Unchecked,Unchecked,Checked,Yes,Private practice (solo or group),5.0,Yes,Checked,Checked,Checked,Checked,Checked,Checked,Checked,Checked,Checked,Checked,Checked,Checked,2.0
186,CTVn_4500,0.6502318647044296,23.285498543453034,59732,0.639884944108169,0.7135174369142904,0,0.7492252054607809,0,22.46092653274536,0,Non-expert,Non-US,Checked,Checked,Checked,Checked,eContour website announcement,,Radiation Oncologist/Clinical Oncologist,,2020.0,Male,Unchecked,Unchecked,Unchecked,Unchecked,Checked,Yes,Private practice (solo or group),5.0,Yes,Checked,Checked,Checked,Checked,Checked,Checked,Checked,Checked,Checked,Checked,Checked,Checked,2.0
186,CTVp_4500,0.7801488961370153,10.360471939969418,25475,0.7655455668607971,0.7802725272109252,0,0.7400033935467787,1,21.733915775795886,1,Non-expert,Non-US,Checked,Checked,Checked,Checked,eContour website announcement,,Radiation Oncologist/Clinical Oncologist,,2020.0,Male,Unchecked,Unchecked,Unchecked,Unchecked,Checked,Yes,Private practice (solo or group),5.0,Yes,Checked,Checked,Checked,Checked,Checked,Checked,Checked,Checked,Checked,Checked,Checked,Checked,2.0
186,Bowel_Small,0.7895268117453998,23.437488555908203,127039,0.7077019419060059,0.7906517322838584,0,0.6931206822383676,1,21.815304167868636,0,Non-expert,Non-US,Checked,Checked,Checked,Checked,eContour website announcement,,Radiation Oncologist/Clinical Oncologist,,2020.0,Male,Unchecked,Unchecked,Unchecked,Unchecked,Checked,Yes,Private practice (solo or group),5.0,Yes,Checked,Checked,Checked,Checked,Checked,Checked,Checked,Checked,Checked,Checked,Checked,Checked,2.0
267,GTVn,0.8574556069082948,64.61459877197657,706,0.6368222442207817,0.7872517371768033,1,0.42334746413656,1,4.546718452135996,0,Non-expert,Non-US,Checked,Checked,Checked,Checked,Colleague (word of mouth),,Radiation Oncologist/Clinical Oncologist,,,Female,Checked,Unchecked,Unchecked,Unchecked,Unchecked,Yes,Non-academic hospital,3.0,Yes,Checked,Checked,Checked,Checked,Checked,Checked,Checked,Checked,Checked,Unchecked,Checked,Checked,
267,CTVn_4500,0.6556613403521558,27.5,62431,0.6083583303668441,0.7135174369142904,0,0.7492252054607809,0,22.46092653274536,0,Non-expert,Non-US,Checked,Checked,Checked,Checked,Colleague (word of mouth),,Radiation Oncologist/Clinical Oncologist,,,Female,Checked,Unchecked,Unchecked,Unchecked,Unchecked,Yes,Non-academic hospital,3.0,Yes,Checked,Checked,Checked,Checked,Checked,Checked,Checked,Checked,Checked,Unchecked,Checked,Checked,
267,CTVp_4500,0.7771477837062712,28.644424308095285,23773,0.7085525465176407,0.7802725272109252,0,0.7400033935467787,0,21.733915775795886,0,Non-expert,Non-US,Checked,Checked,Checked,Checked,Colleague (word of mouth),,Radiation Oncologist/Clinical Oncologist,,,Female,Checked,Unchecked,Unchecked,Unchecked,Unchecked,Yes,Non-academic hospital,3.0,Yes,Checked,Checked,Checked,Checked,Checked,Checked,Checked,Checked,Checked,Unchecked,Checked,Checked,
267,Bowel_Small,0.26020803558847805,48.991103628485234,151454,0.1806956802108355,0.7906517322838584,0,0.6931206822383676,0,21.815304167868636,0,Non-expert,Non-US,Checked,Checked,Checked,Checked,Colleague (word of mouth),,Radiation Oncologist/Clinical Oncologist,,,Female,Checked,Unchecked,Unchecked,Unchecked,Unchecked,Yes,Non-academic hospital,3.0,Yes,Checked,Checked,Checked,Checked,Checked,Checked,Checked,Checked,Checked,Unchecked,Checked,Checked,
27,GTVn,0.8666096099767697,2.1836590680368384,759,0.6305682231482189,0.7872517371768033,1,0.42334746413656,1,4.546718452135996,1,Non-expert,Non-US,Checked,Checked,Checked,Checked,eContour website announcement,,Radiation Oncologist/Clinical Oncologist,,2011.0,Female,Checked,Unchecked,Unchecked,Unchecked,Unchecked,Yes,Academic/university,4.0,No,Checked,Checked,Checked,Checked,Checked,Checked,Checked,Checked,Checked,Unchecked,Checked,Checked,11.0
27,CTVn_4500,0.6023635319527851,32.2856780925646,64707,0.5887200024010851,0.7135174369142904,0,0.7492252054607809,0,22.46092653274536,0,Non-expert,Non-US,Checked,Checked,Checked,Checked,eContour website announcement,,Radiation Oncologist/Clinical Oncologist,,2011.0,Female,Checked,Unchecked,Unchecked,Unchecked,Unchecked,Yes,Academic/university,4.0,No,Checked,Checked,Checked,Checked,Checked,Checked,Checked,Checked,Checked,Unchecked,Checked,Checked,11.0
27,CTVp_4500,0.7243124889731329,47.68551932722237,25798,0.6730236716373756,0.7802725272109252,0,0.7400033935467787,0,21.733915775795886,0,Non-expert,Non-US,Checked,Checked,Checked,Checked,eContour website announcement,,Radiation Oncologist/Clinical Oncologist,,2011.0,Female,Checked,Unchecked,Unchecked,Unchecked,Unchecked,Yes,Academic/university,4.0,No,Checked,Checked,Checked,Checked,Checked,Checked,Checked,Checked,Checked,Unchecked,Checked,Checked,11.0
272,Bowel_Small,0.03226596561127349,83.45877104584058,153738,0.2560818024847009,0.7906517322838584,0,0.6931206822383676,0,21.815304167868636,0,Non-expert,Non-US,Unchecked,Unchecked,Checked,Checked,Twitter,,Radiation Oncologist/Clinical Oncologist,,2017.0,Male,Checked,Unchecked,Unchecked,Unchecked,Unchecked,No,Private practice (solo or group),2.0,Yes,Checked,Checked,Checked,Checked,Checked,Checked,Checked,Checked,Checked,Unchecked,Checked,Checked,5.0
292,GTVn,0.45099200473793305,32.5,1655,0.14694492738165246,0.7872517371768033,0,0.42334746413656,0,4.546718452135996,0,Non-expert,Non-US,Checked,Checked,Checked,Checked,Twitter,,Radiation Oncologist/Clinical Oncologist,,2008.0,Male,Unchecked,Unchecked,Unchecked,Checked,Unchecked,Yes,Non-academic hospital,0.0,No,Checked,Checked,Checked,Checked,Checked,Checked,Checked,Checked,Checked,Checked,Checked,Checked,14.0
292,CTVn_4500,0.16310297064321352,54.250990622074774,75689,0.16499940900448126,0.7135174369142904,0,0.7492252054607809,0,22.46092653274536,0,Non-expert,Non-US,Checked,Checked,Checked,Checked,Twitter,,Radiation Oncologist/Clinical Oncologist,,2008.0,Male,Unchecked,Unchecked,Unchecked,Checked,Unchecked,Yes,Non-academic hospital,0.0,No,Checked,Checked,Checked,Checked,Checked,Checked,Checked,Checked,Checked,Checked,Checked,Checked,14.0
292,CTVp_4500,0.525053443350049,48.72042755459253,30691,0.42361413963721173,0.7802725272109252,0,0.7400033935467787,0,21.733915775795886,0,Non-expert,Non-US,Checked,Checked,Checked,Checked,Twitter,,Radiation Oncologist/Clinical Oncologist,,2008.0,Male,Unchecked,Unchecked,Unchecked,Checked,Unchecked,Yes,Non-academic hospital,0.0,No,Checked,Checked,Checked,Checked,Checked,Checked,Checked,Checked,Checked,Checked,Checked,Checked,14.0
292,Bowel_Small,0.3589260789712644,70.83261218680603,151796,0.2932270538239481,0.7906517322838584,0,0.6931206822383676,0,21.815304167868636,0,Non-expert,Non-US,Checked,Checked,Checked,Checked,Twitter,,Radiation Oncologist/Clinical Oncologist,,2008.0,Male,Unchecked,Unchecked,Unchecked,Checked,Unchecked,Yes,Non-academic hospital,0.0,No,Checked,Checked,Checked,Checked,Checked,Checked,Checked,Checked,Checked,Checked,Checked,Checked,14.0
297,GTVn,0.8499020248203788,3.851371244862682,907,0.5940369286605824,0.7872517371768033,1,0.42334746413656,1,4.546718452135996,1,Non-expert,Non-US,Checked,Checked,Checked,Unchecked,Twitter,,Other,,,Male,Checked,Unchecked,Unchecked,Unchecked,Unchecked,No,Academic/university,3.0,Yes,Unchecked,Unchecked,Unchecked,Unchecked,Checked,Unchecked,Unchecked,Unchecked,Unchecked,Unchecked,Unchecked,Unchecked,
297,CTVn_4500,0.23657011688664714,148.44275791179672,73377,0.2432066105513495,0.7135174369142904,0,0.7492252054607809,0,22.46092653274536,0,Non-expert,Non-US,Checked,Checked,Checked,Unchecked,Twitter,,Other,,,Male,Checked,Unchecked,Unchecked,Unchecked,Unchecked,No,Academic/university,3.0,Yes,Unchecked,Unchecked,Unchecked,Unchecked,Checked,Unchecked,Unchecked,Unchecked,Unchecked,Unchecked,Unchecked,Unchecked,
297,CTVp_4500,0.7125420328088135,50.75720511224699,26670,0.6492663497647851,0.7802725272109252,0,0.7400033935467787,0,21.733915775795886,0,Non-expert,Non-US,Checked,Checked,Checked,Unchecked,Twitter,,Other,,,Male,Checked,Unchecked,Unchecked,Unchecked,Unchecked,No,Academic/university,3.0,Yes,Unchecked,Unchecked,Unchecked,Unchecked,Checked,Unchecked,Unchecked,Unchecked,Unchecked,Unchecked,Unchecked,Unchecked,
297,Bowel_Small,0.44308045922830835,45.531859546240746,138880,0.4224624422892302,0.7906517322838584,0,0.6931206822383676,0,21.815304167868636,0,Non-expert,Non-US,Checked,Checked,Checked,Unchecked,Twitter,,Other,,,Male,Checked,Unchecked,Unchecked,Unchecked,Unchecked,No,Academic/university,3.0,Yes,Unchecked,Unchecked,Unchecked,Unchecked,Checked,Unchecked,Unchecked,Unchecked,Unchecked,Unchecked,Unchecked,Unchecked,
304,GTVn,0.8262821384845599,2.6839659806122547,996,0.5095629829614936,0.7872517371768033,1,0.42334746413656,1,4.546718452135996,1,Non-expert,Non-US,Checked,Checked,Checked,Checked,Twitter,,Radiation Oncologist/Clinical Oncologist,,2010.0,Female,Unchecked,Unchecked,Unchecked,Unchecked,Checked,No,Non-academic hospital,22.0,No,Checked,Unchecked,Checked,Unchecked,Unchecked,Unchecked,Unchecked,Unchecked,Unchecked,Unchecked,Unchecked,Unchecked,12.0
31,GTVn,0.8171828171828172,2.1836590680368384,1148,0.42766332730505274,0.7872517371768033,1,0.42334746413656,1,4.546718452135996,1,Non-expert,Non-US,Unchecked,Unchecked,Checked,Checked,eContour website announcement,,Radiation Oncologist/Clinical Oncologist,,2007.0,Female,Checked,Unchecked,Unchecked,Unchecked,Unchecked,No,Private practice (solo or group),1.0,No,Checked,Checked,Checked,Checked,Checked,Checked,Checked,Checked,Checked,Checked,Checked,Checked,15.0
31,CTVn_4500,0.7327418971775422,22.507888827417176,53801,0.7576099450588717,0.7135174369142904,1,0.7492252054607809,1,22.46092653274536,0,Non-expert,Non-US,Unchecked,Unchecked,Checked,Checked,eContour website announcement,,Radiation Oncologist/Clinical Oncologist,,2007.0,Female,Checked,Unchecked,Unchecked,Unchecked,Unchecked,No,Private practice (solo or group),1.0,No,Checked,Checked,Checked,Checked,Checked,Checked,Checked,Checked,Checked,Checked,Checked,Checked,15.0
31,CTVp_4500,0.7197093685312138,40.44618385198951,26196,0.6503730429381656,0.7802725272109252,0,0.7400033935467787,0,21.733915775795886,0,Non-expert,Non-US,Unchecked,Unchecked,Checked,Checked,eContour website announcement,,Radiation Oncologist/Clinical Oncologist,,2007.0,Female,Checked,Unchecked,Unchecked,Unchecked,Unchecked,No,Private practice (solo or group),1.0,No,Checked,Checked,Checked,Checked,Checked,Checked,Checked,Checked,Checked,Checked,Checked,Checked,15.0
31,Bowel_Small,0.6803806215423712,33.20310878753662,129987,0.5923536938909256,0.7906517322838584,0,0.6931206822383676,0,21.815304167868636,0,Non-expert,Non-US,Unchecked,Unchecked,Checked,Checked,eContour website announcement,,Radiation Oncologist/Clinical Oncologist,,2007.0,Female,Checked,Unchecked,Unchecked,Unchecked,Unchecked,No,Private practice (solo or group),1.0,No,Checked,Checked,Checked,Checked,Checked,Checked,Checked,Checked,Checked,Checked,Checked,Checked,15.0
32,GTVn,0.8919753086419753,1.9531240463256836,719,0.6606521042168126,0.7872517371768033,1,0.42334746413656,1,4.546718452135996,1,Non-expert,Non-US,Unchecked,Unchecked,Checked,Unchecked,eContour website announcement,,Radiation Oncologist/Clinical Oncologist,,2016.0,Male,Checked,Unchecked,Unchecked,Unchecked,Unchecked,No,Non-academic hospital,20.0,Yes,Checked,Checked,Checked,Checked,Unchecked,Checked,Checked,Checked,Checked,Unchecked,Checked,Checked,6.0
32,CTVn_4500,0.7613242853233639,24.414050579071045,53506,0.781840806881285,0.7135174369142904,1,0.7492252054607809,1,22.46092653274536,0,Non-expert,Non-US,Unchecked,Unchecked,Checked,Unchecked,eContour website announcement,,Radiation Oncologist/Clinical Oncologist,,2016.0,Male,Checked,Unchecked,Unchecked,Unchecked,Unchecked,No,Non-academic hospital,20.0,Yes,Checked,Checked,Checked,Checked,Unchecked,Checked,Checked,Checked,Checked,Unchecked,Checked,Checked,6.0
32,CTVp_4500,0.7734120391079302,47.54013771057395,23175,0.6791366862915814,0.7802725272109252,0,0.7400033935467787,0,21.733915775795886,0,Non-expert,Non-US,Unchecked,Unchecked,Checked,Unchecked,eContour website announcement,,Radiation Oncologist/Clinical Oncologist,,2016.0,Male,Checked,Unchecked,Unchecked,Unchecked,Unchecked,No,Non-academic hospital,20.0,Yes,Checked,Checked,Checked,Checked,Unchecked,Checked,Checked,Checked,Checked,Unchecked,Checked,Checked,6.0
32,Bowel_Small,0.8557841067406307,18.554678440093994,125334,0.7652958409717115,0.7906517322838584,1,0.6931206822383676,1,21.815304167868636,1,Non-expert,Non-US,Unchecked,Unchecked,Checked,Unchecked,eContour website announcement,,Radiation Oncologist/Clinical Oncologist,,2016.0,Male,Checked,Unchecked,Unchecked,Unchecked,Unchecked,No,Non-academic hospital,20.0,Yes,Checked,Checked,Checked,Checked,Unchecked,Checked,Checked,Checked,Checked,Unchecked,Checked,Checked,6.0
336,GTVn,0.9078628775328151,1.3810672576553995,668,0.7065236903964505,0.7872517371768033,1,0.42334746413656,1,4.546718452135996,1,Non-expert,Non-US,Unchecked,Checked,Checked,Checked,ROECSG annual symposium,,Radiation Oncologist/Clinical Oncologist,,2020.0,Male,Unchecked,Checked,Unchecked,Unchecked,Unchecked,Yes,Academic/university,10.0,Yes,Checked,Checked,Checked,Checked,Checked,Checked,Checked,Unchecked,Checked,Unchecked,Checked,Checked,2.0
336,CTVn_4500,0.7388957028099137,10.0,58570,0.7342519520537857,0.7135174369142904,1,0.7492252054607809,0,22.46092653274536,1,Non-expert,Non-US,Unchecked,Checked,Checked,Checked,ROECSG annual symposium,,Radiation Oncologist/Clinical Oncologist,,2020.0,Male,Unchecked,Checked,Unchecked,Unchecked,Unchecked,Yes,Academic/university,10.0,Yes,Checked,Checked,Checked,Checked,Checked,Checked,Checked,Unchecked,Checked,Unchecked,Checked,Checked,2.0
336,CTVp_4500,0.7381784847270398,27.069634140757813,29036,0.6175443459560768,0.7802725272109252,0,0.7400033935467787,0,21.733915775795886,0,Non-expert,Non-US,Unchecked,Checked,Checked,Checked,ROECSG annual symposium,,Radiation Oncologist/Clinical Oncologist,,2020.0,Male,Unchecked,Checked,Unchecked,Unchecked,Unchecked,Yes,Academic/university,10.0,Yes,Checked,Checked,Checked,Checked,Checked,Checked,Checked,Unchecked,Checked,Unchecked,Checked,Checked,2.0
336,Bowel_Small,0.9100153728533495,13.45593689536822,119379,0.859167821388268,0.7906517322838584,1,0.6931206822383676,1,21.815304167868636,1,Non-expert,Non-US,Unchecked,Checked,Checked,Checked,ROECSG annual symposium,,Radiation Oncologist/Clinical Oncologist,,2020.0,Male,Unchecked,Checked,Unchecked,Unchecked,Unchecked,Yes,Academic/university,10.0,Yes,Checked,Checked,Checked,Checked,Checked,Checked,Checked,Unchecked,Checked,Unchecked,Checked,Checked,2.0
34,GTVn,0.0,67.1879416648135,1869,0.0,0.7872517371768033,0,0.42334746413656,0,4.546718452135996,0,Non-expert,Non-US,Checked,Checked,Checked,Checked,eContour website announcement,,Resident Physician,3.0,2018.0,Male,Checked,Unchecked,Unchecked,Unchecked,Unchecked,No,Non-academic hospital,21.0,Yes,Checked,Checked,Checked,Checked,Checked,Checked,Checked,Checked,Checked,Unchecked,Checked,Checked,4.0
34,CTVn_4500,0.6174068949389043,43.013095297394855,60300,0.6399155112505548,0.7135174369142904,0,0.7492252054607809,0,22.46092653274536,0,Non-expert,Non-US,Checked,Checked,Checked,Checked,eContour website announcement,,Resident Physician,3.0,2018.0,Male,Checked,Unchecked,Unchecked,Unchecked,Unchecked,No,Non-academic hospital,21.0,Yes,Checked,Checked,Checked,Checked,Checked,Checked,Checked,Checked,Checked,Unchecked,Checked,Checked,4.0
34,Bowel_Small,0.6844885053679364,30.273422718048096,128268,0.5792459076538665,0.7906517322838584,0,0.6931206822383676,0,21.815304167868636,0,Non-expert,Non-US,Checked,Checked,Checked,Checked,eContour website announcement,,Resident Physician,3.0,2018.0,Male,Checked,Unchecked,Unchecked,Unchecked,Unchecked,No,Non-academic hospital,21.0,Yes,Checked,Checked,Checked,Checked,Checked,Checked,Checked,Checked,Checked,Unchecked,Checked,Checked,4.0
362,GTVn,0.47050579691680466,34.379430723748165,845,0.256370925762462,0.7872517371768033,0,0.42334746413656,0,4.546718452135996,0,Non-expert,Non-US,Unchecked,Unchecked,Checked,Checked,Other,Colleague In Telegram ,Radiation Oncologist/Clinical Oncologist,,2003.0,Female,Unchecked,Unchecked,Unchecked,Unchecked,Checked,Yes,Academic/university,20.0,Yes,Checked,Checked,Checked,Checked,Checked,Checked,Checked,Checked,Checked,Checked,Checked,Checked,19.0
362,CTVn_4500,0.6557249092952044,33.432098458193344,59289,0.6786818831826782,0.7135174369142904,0,0.7492252054607809,0,22.46092653274536,0,Non-expert,Non-US,Unchecked,Unchecked,Checked,Checked,Other,Colleague In Telegram ,Radiation Oncologist/Clinical Oncologist,,2003.0,Female,Unchecked,Unchecked,Unchecked,Unchecked,Checked,Yes,Academic/university,20.0,Yes,Checked,Checked,Checked,Checked,Checked,Checked,Checked,Checked,Checked,Checked,Checked,Checked,19.0
362,CTVp_4500,0.7111346160146396,50.85215934131588,26093,0.6450652621336179,0.7802725272109252,0,0.7400033935467787,0,21.733915775795886,0,Non-expert,Non-US,Unchecked,Unchecked,Checked,Checked,Other,Colleague In Telegram ,Radiation Oncologist/Clinical Oncologist,,2003.0,Female,Unchecked,Unchecked,Unchecked,Unchecked,Checked,Yes,Academic/university,20.0,Yes,Checked,Checked,Checked,Checked,Checked,Checked,Checked,Checked,Checked,Checked,Checked,Checked,19.0
362,Bowel_Small,0.5125215373628444,26.36717462539673,135081,0.4578945498905114,0.7906517322838584,0,0.6931206822383676,0,21.815304167868636,0,Non-expert,Non-US,Unchecked,Unchecked,Checked,Checked,Other,Colleague In Telegram ,Radiation Oncologist/Clinical Oncologist,,2003.0,Female,Unchecked,Unchecked,Unchecked,Unchecked,Checked,Yes,Academic/university,20.0,Yes,Checked,Checked,Checked,Checked,Checked,Checked,Checked,Checked,Checked,Checked,Checked,Checked,19.0
451,GTVn,0.870989394549604,1.9531240463256836,850,0.6142596616397406,0.7872517371768033,1,0.42334746413656,1,4.546718452135996,1,Non-expert,Non-US,Unchecked,Checked,Checked,Checked,eContour website announcement,,Radiation Oncologist/Clinical Oncologist,,2015.0,Male,Unchecked,Checked,Unchecked,Unchecked,Unchecked,Yes,Non-academic hospital,2.0,Yes,Checked,Checked,Checked,Checked,Checked,Checked,Checked,Unchecked,Checked,Unchecked,Unchecked,Unchecked,7.0
451,CTVn_4500,0.6583781558142231,23.437488555908203,59345,0.6940802109923743,0.7135174369142904,0,0.7492252054607809,0,22.46092653274536,0,Non-expert,Non-US,Unchecked,Checked,Checked,Checked,eContour website announcement,,Radiation Oncologist/Clinical Oncologist,,2015.0,Male,Unchecked,Checked,Unchecked,Unchecked,Unchecked,Yes,Non-academic hospital,2.0,Yes,Checked,Checked,Checked,Checked,Checked,Checked,Checked,Unchecked,Checked,Unchecked,Unchecked,Unchecked,7.0
451,CTVp_4500,0.8295664005949037,6.835934162139893,22538,0.8629797599242511,0.7802725272109252,1,0.7400033935467787,1,21.733915775795886,1,Non-expert,Non-US,Unchecked,Checked,Checked,Checked,eContour website announcement,,Radiation Oncologist/Clinical Oncologist,,2015.0,Male,Unchecked,Checked,Unchecked,Unchecked,Unchecked,Yes,Non-academic hospital,2.0,Yes,Checked,Checked,Checked,Checked,Checked,Checked,Checked,Unchecked,Checked,Unchecked,Unchecked,Unchecked,7.0
451,Bowel_Small,0.8520879529206248,20.507802486419678,116345,0.8225346743777721,0.7906517322838584,1,0.6931206822383676,1,21.815304167868636,1,Non-expert,Non-US,Unchecked,Checked,Checked,Checked,eContour website announcement,,Radiation Oncologist/Clinical Oncologist,,2015.0,Male,Unchecked,Checked,Unchecked,Unchecked,Unchecked,Yes,Non-academic hospital,2.0,Yes,Checked,Checked,Checked,Checked,Checked,Checked,Checked,Unchecked,Checked,Unchecked,Unchecked,Unchecked,7.0
472,GTVn,0.875,1.9531240463256836,814,0.6190388360991076,0.7872517371768033,1,0.42334746413656,1,4.546718452135996,1,Non-expert,Non-US,Unchecked,Unchecked,Checked,Checked,eContour website announcement,,Radiation Oncologist/Clinical Oncologist,,2015.0,Female,Unchecked,Checked,Unchecked,Unchecked,Unchecked,No,Non-academic hospital,5.0,Yes,Checked,Checked,Checked,Checked,Checked,Checked,Checked,Checked,Checked,Unchecked,Unchecked,Checked,7.0
472,CTVn_4500,0.6191195516720488,33.33210904852477,61234,0.6347225036954712,0.7135174369142904,0,0.7492252054607809,0,22.46092653274536,0,Non-expert,Non-US,Unchecked,Unchecked,Checked,Checked,eContour website announcement,,Radiation Oncologist/Clinical Oncologist,,2015.0,Female,Unchecked,Checked,Unchecked,Unchecked,Unchecked,No,Non-academic hospital,5.0,Yes,Checked,Checked,Checked,Checked,Checked,Checked,Checked,Checked,Checked,Unchecked,Unchecked,Checked,7.0
472,CTVp_4500,0.7426981035273392,47.96469126648526,25264,0.6923480919964471,0.7802725272109252,0,0.7400033935467787,0,21.733915775795886,0,Non-expert,Non-US,Unchecked,Unchecked,Checked,Checked,eContour website announcement,,Radiation Oncologist/Clinical Oncologist,,2015.0,Female,Unchecked,Checked,Unchecked,Unchecked,Unchecked,No,Non-academic hospital,5.0,Yes,Checked,Checked,Checked,Checked,Checked,Checked,Checked,Checked,Checked,Unchecked,Unchecked,Checked,7.0
472,Bowel_Small,0.37126348575285195,56.65618576187337,141184,0.32858967851602755,0.7906517322838584,0,0.6931206822383676,0,21.815304167868636,0,Non-expert,Non-US,Unchecked,Unchecked,Checked,Checked,eContour website announcement,,Radiation Oncologist/Clinical Oncologist,,2015.0,Female,Unchecked,Checked,Unchecked,Unchecked,Unchecked,No,Non-academic hospital,5.0,Yes,Checked,Checked,Checked,Checked,Checked,Checked,Checked,Checked,Checked,Unchecked,Unchecked,Checked,7.0
48,GTVn,0.8729524055204437,2.1836590680368384,818,0.6150355464746653,0.7872517371768033,1,0.42334746413656,1,4.546718452135996,1,Non-expert,US,Unchecked,Unchecked,Checked,Checked,Colleague (word of mouth),,Radiation Oncologist/Clinical Oncologist,,2021.0,Male,Checked,Unchecked,Unchecked,Unchecked,Unchecked,Yes,Academic/university,2.0,Yes,Checked,Checked,Checked,Checked,Checked,Checked,Checked,Unchecked,Checked,Unchecked,Unchecked,Checked,1.0
48,CTVn_4500,0.7422431848123501,23.751819515019964,56249,0.7643722614641538,0.7135174369142904,1,0.7492252054607809,1,22.46092653274536,0,Non-expert,US,Unchecked,Unchecked,Checked,Checked,Colleague (word of mouth),,Radiation Oncologist/Clinical Oncologist,,2021.0,Male,Checked,Unchecked,Unchecked,Unchecked,Unchecked,Yes,Academic/university,2.0,Yes,Checked,Checked,Checked,Checked,Checked,Checked,Checked,Unchecked,Checked,Unchecked,Unchecked,Checked,1.0
48,CTVp_4500,0.6388347411739225,72.7363887051249,29765,0.498780803226886,0.7802725272109252,0,0.7400033935467787,0,21.733915775795886,0,Non-expert,US,Unchecked,Unchecked,Checked,Checked,Colleague (word of mouth),,Radiation Oncologist/Clinical Oncologist,,2021.0,Male,Checked,Unchecked,Unchecked,Unchecked,Unchecked,Yes,Academic/university,2.0,Yes,Checked,Checked,Checked,Checked,Checked,Checked,Checked,Unchecked,Checked,Unchecked,Unchecked,Checked,1.0
48,Bowel_Small,0.8004969663200636,23.518727927944223,132005,0.6708590690627123,0.7906517322838584,1,0.6931206822383676,0,21.815304167868636,0,Non-expert,US,Unchecked,Unchecked,Checked,Checked,Colleague (word of mouth),,Radiation Oncologist/Clinical Oncologist,,2021.0,Male,Checked,Unchecked,Unchecked,Unchecked,Unchecked,Yes,Academic/university,2.0,Yes,Checked,Checked,Checked,Checked,Checked,Checked,Checked,Unchecked,Checked,Unchecked,Unchecked,Checked,1.0
571,GTVn,0.8846405656671468,1.9531240463256836,731,0.6748569306750333,0.7872517371768033,1,0.42334746413656,1,4.546718452135996,1,,,,,,,,,,,,,,,,,,,,,,,,,,,,,,,,,,
571,CTVn_4500,0.7976011519534155,8.456286073764442,51411,0.8024735477114424,0.7135174369142904,1,0.7492252054607809,1,22.46092653274536,1,,,,,,,,,,,,,,,,,,,,,,,,,,,,,,,,,,
571,CTVp_4500,0.8271544403926522,15.44080134808345,22060,0.7683798052313194,0.7802725272109252,1,0.7400033935467787,1,21.733915775795886,1,,,,,,,,,,,,,,,,,,,,,,,,,,,,,,,,,,
571,Bowel_Small,0.530088186978241,43.50909869661226,133602,0.49828804252137876,0.7906517322838584,0,0.6931206822383676,0,21.815304167868636,0,,,,,,,,,,,,,,,,,,,,,,,,,,,,,,,,,,
586,GTVn,0.8352272727272727,5.0,1009,0.5359715362307328,0.7872517371768033,1,0.42334746413656,1,4.546718452135996,0,Non-expert,Non-US,Unchecked,Unchecked,Checked,Checked,Colleague (word of mouth),,Resident Physician,2.0,2020.0,Female,Checked,Unchecked,Unchecked,Unchecked,Unchecked,No,Academic/university,50.0,Yes,Checked,Unchecked,Checked,Unchecked,Checked,Unchecked,Unchecked,Unchecked,Unchecked,Unchecked,Unchecked,Unchecked,2.0
586,CTVn_4500,0.7178853346321022,24.020249748405224,58801,0.7227515751260338,0.7135174369142904,1,0.7492252054607809,0,22.46092653274536,0,Non-expert,Non-US,Unchecked,Unchecked,Checked,Checked,Colleague (word of mouth),,Resident Physician,2.0,2020.0,Female,Checked,Unchecked,Unchecked,Unchecked,Unchecked,No,Academic/university,50.0,Yes,Checked,Unchecked,Checked,Unchecked,Checked,Unchecked,Unchecked,Unchecked,Unchecked,Unchecked,Unchecked,Unchecked,2.0
586,CTVp_4500,0.8401992076404327,10.786480101508376,23021,0.8384079988436585,0.7802725272109252,1,0.7400033935467787,1,21.733915775795886,1,Non-expert,Non-US,Unchecked,Unchecked,Checked,Checked,Colleague (word of mouth),,Resident Physician,2.0,2020.0,Female,Checked,Unchecked,Unchecked,Unchecked,Unchecked,No,Academic/university,50.0,Yes,Checked,Unchecked,Checked,Unchecked,Checked,Unchecked,Unchecked,Unchecked,Unchecked,Unchecked,Unchecked,Unchecked,2.0
603,GTVn,0.6558067173057563,32.55863470018876,905,0.3817558372600247,0.7872517371768033,0,0.42334746413656,0,4.546718452135996,0,Non-expert,Non-US,Unchecked,Unchecked,Checked,Unchecked,eContour website announcement,,Radiation Oncologist/Clinical Oncologist,,2011.0,Male,Checked,Unchecked,Unchecked,Unchecked,Unchecked,No,Academic/university,20.0,Yes,Checked,Unchecked,Checked,Checked,Unchecked,Checked,Unchecked,Unchecked,Checked,Unchecked,Unchecked,Checked,11.0
603,CTVn_4500,0.6099817125396422,23.437488555908203,62050,0.6081821451591656,0.7135174369142904,0,0.7492252054607809,0,22.46092653274536,0,Non-expert,Non-US,Unchecked,Unchecked,Checked,Unchecked,eContour website announcement,,Radiation Oncologist/Clinical Oncologist,,2011.0,Male,Checked,Unchecked,Unchecked,Unchecked,Unchecked,No,Academic/university,20.0,Yes,Checked,Unchecked,Checked,Checked,Unchecked,Checked,Unchecked,Unchecked,Checked,Unchecked,Unchecked,Checked,11.0
603,CTVp_4500,0.7491206309590683,24.177155874433026,23535,0.6746369107670133,0.7802725272109252,0,0.7400033935467787,0,21.733915775795886,0,Non-expert,Non-US,Unchecked,Unchecked,Checked,Unchecked,eContour website announcement,,Radiation Oncologist/Clinical Oncologist,,2011.0,Male,Checked,Unchecked,Unchecked,Unchecked,Unchecked,No,Academic/university,20.0,Yes,Checked,Unchecked,Checked,Checked,Unchecked,Checked,Unchecked,Unchecked,Checked,Unchecked,Unchecked,Checked,11.0
613,GTVn,0.28122906097444245,97.5,1153,0.16125849335122577,0.7872517371768033,0,0.42334746413656,0,4.546718452135996,0,Non-expert,Non-US,Unchecked,Unchecked,Unchecked,Unchecked,Colleague (word of mouth),,Other,,,Female,Unchecked,Unchecked,Unchecked,Unchecked,Unchecked,Yes,Academic/university,4.0,Yes,Unchecked,Unchecked,Unchecked,Unchecked,Unchecked,Unchecked,Unchecked,Unchecked,Unchecked,Unchecked,Unchecked,Unchecked,
613,CTVn_4500,0.4285173580577871,43.544312849494105,68969,0.48502702695855043,0.7135174369142904,0,0.7492252054607809,0,22.46092653274536,0,Non-expert,Non-US,Unchecked,Unchecked,Unchecked,Unchecked,Colleague (word of mouth),,Other,,,Female,Unchecked,Unchecked,Unchecked,Unchecked,Unchecked,Yes,Academic/university,4.0,Yes,Unchecked,Unchecked,Unchecked,Unchecked,Unchecked,Unchecked,Unchecked,Unchecked,Unchecked,Unchecked,Unchecked,Unchecked,
613,CTVp_4500,0.6041400121315302,40.37966751129441,30265,0.48722017125845773,0.7802725272109252,0,0.7400033935467787,0,21.733915775795886,0,Non-expert,Non-US,Unchecked,Unchecked,Unchecked,Unchecked,Colleague (word of mouth),,Other,,,Female,Unchecked,Unchecked,Unchecked,Unchecked,Unchecked,Yes,Academic/university,4.0,Yes,Unchecked,Unchecked,Unchecked,Unchecked,Unchecked,Unchecked,Unchecked,Unchecked,Unchecked,Unchecked,Unchecked,Unchecked,
613,Bowel_Small,0.6160277142415636,37.10935688018799,139736,0.48771295779976415,0.7906517322838584,0,0.6931206822383676,0,21.815304167868636,0,Non-expert,Non-US,Unchecked,Unchecked,Unchecked,Unchecked,Colleague (word of mouth),,Other,,,Female,Unchecked,Unchecked,Unchecked,Unchecked,Unchecked,Yes,Academic/university,4.0,Yes,Unchecked,Unchecked,Unchecked,Unchecked,Unchecked,Unchecked,Unchecked,Unchecked,Unchecked,Unchecked,Unchecked,Unchecked,
630,GTVn,0.8580515961832961,3.851371244862682,800,0.5746960365743429,0.7872517371768033,1,0.42334746413656,1,4.546718452135996,1,Non-expert,Non-US,Checked,Checked,Checked,Checked,eContour website announcement,,Radiation Oncologist/Clinical Oncologist,,2008.0,Male,Unchecked,Unchecked,Unchecked,Unchecked,Checked,Yes,Other,11.0,Yes,Checked,Checked,Checked,Checked,Checked,Checked,Checked,Checked,Checked,Checked,Checked,Checked,14.0
630,CTVn_4500,0.6681985029657064,21.569426899368107,57604,0.6783288579032504,0.7135174369142904,0,0.7492252054607809,0,22.46092653274536,1,Non-expert,Non-US,Checked,Checked,Checked,Checked,eContour website announcement,,Radiation Oncologist/Clinical Oncologist,,2008.0,Male,Unchecked,Unchecked,Unchecked,Unchecked,Checked,Yes,Other,11.0,Yes,Checked,Checked,Checked,Checked,Checked,Checked,Checked,Checked,Checked,Checked,Checked,Checked,14.0
630,CTVp_4500,0.7407330625964824,37.56352442097812,23288,0.6928704779841398,0.7802725272109252,0,0.7400033935467787,0,21.733915775795886,0,Non-expert,Non-US,Checked,Checked,Checked,Checked,eContour website announcement,,Radiation Oncologist/Clinical Oncologist,,2008.0,Male,Unchecked,Unchecked,Unchecked,Unchecked,Checked,Yes,Other,11.0,Yes,Checked,Checked,Checked,Checked,Checked,Checked,Checked,Checked,Checked,Checked,Checked,Checked,14.0
630,Bowel_Small,0.72855332323515,57.69041868897305,140513,0.4722251600688518,0.7906517322838584,0,0.6931206822383676,0,21.815304167868636,0,Non-expert,Non-US,Checked,Checked,Checked,Checked,eContour website announcement,,Radiation Oncologist/Clinical Oncologist,,2008.0,Male,Unchecked,Unchecked,Unchecked,Unchecked,Checked,Yes,Other,11.0,Yes,Checked,Checked,Checked,Checked,Checked,Checked,Checked,Checked,Checked,Checked,Checked,Checked,14.0
634,GTVn,0.8350250372174854,5.03224281028629,1015,0.5284112816515554,0.7872517371768033,1,0.42334746413656,1,4.546718452135996,0,Non-expert,Non-US,Checked,Checked,Checked,Checked,eContour website announcement,,Radiation Therapist,,2016.0,Male,Checked,Unchecked,Unchecked,Unchecked,Unchecked,No,Academic/university,20.0,Yes,Checked,Checked,Unchecked,Unchecked,Checked,Unchecked,Checked,Checked,Checked,Unchecked,Checked,Checked,6.0
634,CTVn_4500,0.6887893703745662,12.918053749297249,61304,0.6699509695947987,0.7135174369142904,0,0.7492252054607809,0,22.46092653274536,1,Non-expert,Non-US,Checked,Checked,Checked,Checked,eContour website announcement,,Radiation Therapist,,2016.0,Male,Checked,Unchecked,Unchecked,Unchecked,Unchecked,No,Academic/university,20.0,Yes,Checked,Checked,Unchecked,Unchecked,Checked,Unchecked,Checked,Checked,Checked,Unchecked,Checked,Checked,6.0
634,CTVp_4500,0.8077463714647287,20.29704837251702,23177,0.8074761814361215,0.7802725272109252,1,0.7400033935467787,1,21.733915775795886,1,Non-expert,Non-US,Checked,Checked,Checked,Checked,eContour website announcement,,Radiation Therapist,,2016.0,Male,Checked,Unchecked,Unchecked,Unchecked,Unchecked,No,Academic/university,20.0,Yes,Checked,Checked,Unchecked,Unchecked,Checked,Unchecked,Checked,Checked,Checked,Unchecked,Checked,Checked,6.0
634,Bowel_Small,0.5093385545793427,54.53889032934886,135257,0.47445166877399053,0.7906517322838584,0,0.6931206822383676,0,21.815304167868636,0,Non-expert,Non-US,Checked,Checked,Checked,Checked,eContour website announcement,,Radiation Therapist,,2016.0,Male,Checked,Unchecked,Unchecked,Unchecked,Unchecked,No,Academic/university,20.0,Yes,Checked,Checked,Unchecked,Unchecked,Checked,Unchecked,Checked,Checked,Checked,Unchecked,Checked,Checked,6.0
641,GTVn,0.8918083462132921,1.3810672576553995,719,0.6799341669856037,0.7872517371768033,1,0.42334746413656,1,4.546718452135996,1,Non-expert,Non-US,Unchecked,Unchecked,Checked,Unchecked,eContour website announcement,,Radiation Oncologist/Clinical Oncologist,,2021.0,Male,Unchecked,Checked,Unchecked,Unchecked,Unchecked,Yes,Academic/university,2.0,Yes,Checked,Checked,Checked,Checked,Checked,Checked,Checked,Checked,Checked,Checked,Checked,Unchecked,1.0
641,CTVn_4500,0.6066396574373991,32.08646976834672,63403,0.602203184057636,0.7135174369142904,0,0.7492252054607809,0,22.46092653274536,0,Non-expert,Non-US,Unchecked,Unchecked,Checked,Unchecked,eContour website announcement,,Radiation Oncologist/Clinical Oncologist,,2021.0,Male,Unchecked,Checked,Unchecked,Unchecked,Unchecked,Yes,Academic/university,2.0,Yes,Checked,Checked,Checked,Checked,Checked,Checked,Checked,Checked,Checked,Checked,Checked,Unchecked,1.0
641,CTVp_4500,0.6529837432025463,70.11570756646778,28806,0.5597106079387248,0.7802725272109252,0,0.7400033935467787,0,21.733915775795886,0,Non-expert,Non-US,Unchecked,Unchecked,Checked,Unchecked,eContour website announcement,,Radiation Oncologist/Clinical Oncologist,,2021.0,Male,Unchecked,Checked,Unchecked,Unchecked,Unchecked,Yes,Academic/university,2.0,Yes,Checked,Checked,Checked,Checked,Checked,Checked,Checked,Checked,Checked,Checked,Checked,Unchecked,1.0
641,Bowel_Small,0.08439579386209889,81.65590370526908,151250,0.21884443010382768,0.7906517322838584,0,0.6931206822383676,0,21.815304167868636,0,Non-expert,Non-US,Unchecked,Unchecked,Checked,Unchecked,eContour website announcement,,Radiation Oncologist/Clinical Oncologist,,2021.0,Male,Unchecked,Checked,Unchecked,Unchecked,Unchecked,Yes,Academic/university,2.0,Yes,Checked,Checked,Checked,Checked,Checked,Checked,Checked,Checked,Checked,Checked,Checked,Unchecked,1.0
645,GTVn,0.7534391534391535,5.485602485333545,1329,0.34291074884779,0.7872517371768033,0,0.42334746413656,0,4.546718452135996,0,Non-expert,Non-US,Unchecked,Unchecked,Checked,Unchecked,Colleague (word of mouth),,Radiation Oncologist/Clinical Oncologist,,2020.0,Male,Unchecked,Unchecked,Checked,Unchecked,Unchecked,No,Academic/university,10.0,Yes,Checked,Checked,Checked,Checked,Checked,Checked,Checked,Checked,Checked,Checked,Checked,Checked,2.0
645,CTVn_4500,0.5841706664467002,22.457532935645993,66500,0.5678616166422826,0.7135174369142904,0,0.7492252054607809,0,22.46092653274536,1,Non-expert,Non-US,Unchecked,Unchecked,Checked,Unchecked,Colleague (word of mouth),,Radiation Oncologist/Clinical Oncologist,,2020.0,Male,Unchecked,Unchecked,Checked,Unchecked,Unchecked,No,Academic/university,10.0,Yes,Checked,Checked,Checked,Checked,Checked,Checked,Checked,Checked,Checked,Checked,Checked,Checked,2.0
645,CTVp_4500,0.7773235499650594,17.60522224092239,26097,0.7290405619013793,0.7802725272109252,0,0.7400033935467787,0,21.733915775795886,1,Non-expert,Non-US,Unchecked,Unchecked,Checked,Unchecked,Colleague (word of mouth),,Radiation Oncologist/Clinical Oncologist,,2020.0,Male,Unchecked,Unchecked,Checked,Unchecked,Unchecked,No,Academic/university,10.0,Yes,Checked,Checked,Checked,Checked,Checked,Checked,Checked,Checked,Checked,Checked,Checked,Checked,2.0
645,Bowel_Small,0.7964598174897541,36.13279485702515,125046,0.6845813313452954,0.7906517322838584,1,0.6931206822383676,0,21.815304167868636,0,Non-expert,Non-US,Unchecked,Unchecked,Checked,Unchecked,Colleague (word of mouth),,Radiation Oncologist/Clinical Oncologist,,2020.0,Male,Unchecked,Unchecked,Checked,Unchecked,Unchecked,No,Academic/university,10.0,Yes,Checked,Checked,Checked,Checked,Checked,Checked,Checked,Checked,Checked,Checked,Checked,Checked,2.0
710,GTVn,0.8724522497115754,2.5,723,0.653181320321346,0.7872517371768033,1,0.42334746413656,1,4.546718452135996,1,Non-expert,Non-US,Unchecked,Unchecked,Checked,Checked,eContour website announcement,,Radiation Oncologist/Clinical Oncologist,,,Male,Unchecked,Unchecked,Unchecked,Checked,Unchecked,Yes,Academic/university,2.0,Yes,Checked,Checked,Checked,Checked,Checked,Checked,Unchecked,Checked,Checked,Unchecked,Unchecked,Unchecked,
710,CTVn_4500,0.7352771165939094,21.48436450958252,55788,0.7266702223590572,0.7135174369142904,1,0.7492252054607809,0,22.46092653274536,1,Non-expert,Non-US,Unchecked,Unchecked,Checked,Checked,eContour website announcement,,Radiation Oncologist/Clinical Oncologist,,,Male,Unchecked,Unchecked,Unchecked,Checked,Unchecked,Yes,Academic/university,2.0,Yes,Checked,Checked,Checked,Checked,Checked,Checked,Unchecked,Checked,Checked,Unchecked,Unchecked,Unchecked,
710,CTVp_4500,0.8707575451897314,6.344980233329529,22279,0.888142758582962,0.7802725272109252,1,0.7400033935467787,1,21.733915775795886,1,Non-expert,Non-US,Unchecked,Unchecked,Checked,Checked,eContour website announcement,,Radiation Oncologist/Clinical Oncologist,,,Male,Unchecked,Unchecked,Unchecked,Checked,Unchecked,Yes,Academic/university,2.0,Yes,Checked,Checked,Checked,Checked,Checked,Checked,Unchecked,Checked,Checked,Unchecked,Unchecked,Unchecked,
710,Bowel_Small,0.6232049006969492,41.015604972839355,131079,0.5257843492516326,0.7906517322838584,0,0.6931206822383676,0,21.815304167868636,0,Non-expert,Non-US,Unchecked,Unchecked,Checked,Checked,eContour website announcement,,Radiation Oncologist/Clinical Oncologist,,,Male,Unchecked,Unchecked,Unchecked,Checked,Unchecked,Yes,Academic/university,2.0,Yes,Checked,Checked,Checked,Checked,Checked,Checked,Unchecked,Checked,Checked,Unchecked,Unchecked,Unchecked,
716,GTVn,0.866912151499211,1.9531240463256836,874,0.5952159987287243,0.7872517371768033,1,0.42334746413656,1,4.546718452135996,1,Non-expert,Non-US,Unchecked,Unchecked,Unchecked,Checked,eContour website announcement,,Radiation Oncologist/Clinical Oncologist,,2006.0,Female,Unchecked,Checked,Unchecked,Unchecked,Unchecked,No,Non-academic hospital,6.0,Yes,Checked,Checked,Checked,Checked,Checked,Checked,Checked,Checked,Checked,Unchecked,Checked,Checked,16.0
716,CTVn_4500,0.7121043832860847,20.507802486419678,59100,0.7322236346834556,0.7135174369142904,0,0.7492252054607809,0,22.46092653274536,1,Non-expert,Non-US,Unchecked,Unchecked,Unchecked,Checked,eContour website announcement,,Radiation Oncologist/Clinical Oncologist,,2006.0,Female,Unchecked,Checked,Unchecked,Unchecked,Unchecked,No,Non-academic hospital,6.0,Yes,Checked,Checked,Checked,Checked,Checked,Checked,Checked,Checked,Checked,Unchecked,Checked,Checked,16.0
716,CTVp_4500,0.8132341458810609,25.171075870247485,24117,0.7655287532567552,0.7802725272109252,1,0.7400033935467787,1,21.733915775795886,0,Non-expert,Non-US,Unchecked,Unchecked,Unchecked,Checked,eContour website announcement,,Radiation Oncologist/Clinical Oncologist,,2006.0,Female,Unchecked,Checked,Unchecked,Unchecked,Unchecked,No,Non-academic hospital,6.0,Yes,Checked,Checked,Checked,Checked,Checked,Checked,Checked,Checked,Checked,Unchecked,Checked,Checked,16.0
716,Bowel_Small,0.8576317680300467,16.01680806489139,105543,0.828733385957128,0.7906517322838584,1,0.6931206822383676,1,21.815304167868636,1,Non-expert,Non-US,Unchecked,Unchecked,Unchecked,Checked,eContour website announcement,,Radiation Oncologist/Clinical Oncologist,,2006.0,Female,Unchecked,Checked,Unchecked,Unchecked,Unchecked,No,Non-academic hospital,6.0,Yes,Checked,Checked,Checked,Checked,Checked,Checked,Checked,Checked,Checked,Unchecked,Checked,Checked,16.0
765,CTVp_4500,0.1399758732396275,70.59674868678309,31610,0.20374317387073876,0.7802725272109252,0,0.7400033935467787,0,21.733915775795886,0,Non-expert,Non-US,Checked,Checked,Checked,Checked,Colleague (word of mouth),,Radiation Oncologist/Clinical Oncologist,,2018.0,Female,Unchecked,Unchecked,Unchecked,Checked,Unchecked,Yes,Academic/university,42.0,Yes,Checked,Checked,Checked,Checked,Checked,Checked,Checked,Checked,Checked,Checked,Checked,Checked,4.0
767,GTVn,0.0,47.63549502819803,1869,0.0,0.7872517371768033,0,0.42334746413656,0,4.546718452135996,0,Non-expert,Non-US,Checked,Checked,Checked,Checked,eContour website announcement,,Radiation Oncologist/Clinical Oncologist,,2018.0,Male,Unchecked,Unchecked,Unchecked,Checked,Unchecked,Yes,Academic/university,35.0,Yes,Checked,Checked,Checked,Checked,Checked,Checked,Checked,Checked,Checked,Checked,Checked,Unchecked,4.0
767,CTVp_4500,0.6479751085070511,54.01315397270538,28934,0.5662693899540582,0.7802725272109252,0,0.7400033935467787,0,21.733915775795886,0,Non-expert,Non-US,Checked,Checked,Checked,Checked,eContour website announcement,,Radiation Oncologist/Clinical Oncologist,,2018.0,Male,Unchecked,Unchecked,Unchecked,Checked,Unchecked,Yes,Academic/university,35.0,Yes,Checked,Checked,Checked,Checked,Checked,Checked,Checked,Checked,Checked,Checked,Checked,Unchecked,4.0
767,Bowel_Small,0.8397913708719863,20.995275561339547,133876,0.6701002826812065,0.7906517322838584,1,0.6931206822383676,0,21.815304167868636,1,Non-expert,Non-US,Checked,Checked,Checked,Checked,eContour website announcement,,Radiation Oncologist/Clinical Oncologist,,2018.0,Male,Unchecked,Unchecked,Unchecked,Checked,Unchecked,Yes,Academic/university,35.0,Yes,Checked,Checked,Checked,Checked,Checked,Checked,Checked,Checked,Checked,Checked,Checked,Unchecked,4.0
770,GTVn,0.8487922060589884,2.1836590680368384,920,0.5475767371157768,0.7872517371768033,1,0.42334746413656,1,4.546718452135996,1,Non-expert,Non-US,Unchecked,Checked,Checked,Checked,eContour website announcement,,Resident Physician,3.0,,Male,Unchecked,Unchecked,Unchecked,Checked,Unchecked,Yes,Academic/university,10.0,Yes,Checked,Checked,Checked,Checked,Checked,Checked,Checked,Checked,Checked,Checked,Checked,Checked,
770,CTVn_4500,0.7931604287457894,11.718744277954102,54328,0.7938994953875014,0.7135174369142904,1,0.7492252054607809,1,22.46092653274536,1,Non-expert,Non-US,Unchecked,Checked,Checked,Checked,eContour website announcement,,Resident Physician,3.0,,Male,Unchecked,Unchecked,Unchecked,Checked,Unchecked,Yes,Academic/university,10.0,Yes,Checked,Checked,Checked,Checked,Checked,Checked,Checked,Checked,Checked,Checked,Checked,Checked,
770,CTVp_4500,0.8123388976998196,11.759363963972111,21586,0.7853836952652089,0.7802725272109252,1,0.7400033935467787,1,21.733915775795886,1,Non-expert,Non-US,Unchecked,Checked,Checked,Checked,eContour website announcement,,Resident Physician,3.0,,Male,Unchecked,Unchecked,Unchecked,Checked,Unchecked,Yes,Academic/university,10.0,Yes,Checked,Checked,Checked,Checked,Checked,Checked,Checked,Checked,Checked,Checked,Checked,Checked,
799,GTVn,0.7089858118759853,79.24823766840208,797,0.5041412840148252,0.7872517371768033,0,0.42334746413656,1,4.546718452135996,0,Non-expert,Non-US,Unchecked,Checked,Checked,Checked,Twitter,,Radiation Oncologist/Clinical Oncologist,,2015.0,Male,Unchecked,Unchecked,Unchecked,Checked,Unchecked,Yes,Academic/university,1.0,Yes,Checked,Checked,Unchecked,Unchecked,Checked,Checked,Unchecked,Unchecked,Unchecked,Unchecked,Unchecked,Unchecked,7.0
799,CTVn_4500,0.7088078530618506,28.320298671722412,53053,0.7358727951894507,0.7135174369142904,0,0.7492252054607809,0,22.46092653274536,0,Non-expert,Non-US,Unchecked,Checked,Checked,Checked,Twitter,,Radiation Oncologist/Clinical Oncologist,,2015.0,Male,Unchecked,Unchecked,Unchecked,Checked,Unchecked,Yes,Academic/university,1.0,Yes,Checked,Checked,Unchecked,Unchecked,Checked,Checked,Unchecked,Unchecked,Unchecked,Unchecked,Unchecked,Unchecked,7.0
799,CTVp_4500,0.7831742701808296,13.7835226128706,23171,0.7712390201729769,0.7802725272109252,1,0.7400033935467787,1,21.733915775795886,1,Non-expert,Non-US,Unchecked,Checked,Checked,Checked,Twitter,,Radiation Oncologist/Clinical Oncologist,,2015.0,Male,Unchecked,Unchecked,Unchecked,Checked,Unchecked,Yes,Academic/university,1.0,Yes,Checked,Checked,Unchecked,Unchecked,Checked,Checked,Unchecked,Unchecked,Unchecked,Unchecked,Unchecked,Unchecked,7.0
804,GTVn,0.8355208042446244,3.1724901166647643,1044,0.514416859576015,0.7872517371768033,1,0.42334746413656,1,4.546718452135996,1,Non-expert,Non-US,Checked,Checked,Checked,Checked,Twitter,,Resident Physician,2.0,2023.0,Male,Unchecked,Unchecked,Unchecked,Checked,Unchecked,Yes,Academic/university,9.0,Yes,Checked,Checked,Checked,Unchecked,Checked,Checked,Unchecked,Unchecked,Checked,Unchecked,Unchecked,Unchecked,-1.0
804,CTVn_4500,0.7910738626453253,17.36563507834746,53124,0.7968267186895723,0.7135174369142904,1,0.7492252054607809,1,22.46092653274536,1,Non-expert,Non-US,Checked,Checked,Checked,Checked,Twitter,,Resident Physician,2.0,2023.0,Male,Unchecked,Unchecked,Unchecked,Checked,Unchecked,Yes,Academic/university,9.0,Yes,Checked,Checked,Checked,Unchecked,Checked,Checked,Unchecked,Unchecked,Checked,Unchecked,Unchecked,Unchecked,-1.0
804,CTVp_4500,0.7474817613280769,30.253244027068277,28172,0.6405917853460859,0.7802725272109252,0,0.7400033935467787,0,21.733915775795886,0,Non-expert,Non-US,Checked,Checked,Checked,Checked,Twitter,,Resident Physician,2.0,2023.0,Male,Unchecked,Unchecked,Unchecked,Checked,Unchecked,Yes,Academic/university,9.0,Yes,Checked,Checked,Checked,Unchecked,Checked,Checked,Unchecked,Unchecked,Checked,Unchecked,Unchecked,Unchecked,-1.0
804,Bowel_Small,0.8301542506536835,22.507888827417176,125669,0.7304052550849275,0.7906517322838584,1,0.6931206822383676,1,21.815304167868636,0,Non-expert,Non-US,Checked,Checked,Checked,Checked,Twitter,,Resident Physician,2.0,2023.0,Male,Unchecked,Unchecked,Unchecked,Checked,Unchecked,Yes,Academic/university,9.0,Yes,Checked,Checked,Checked,Unchecked,Checked,Checked,Unchecked,Unchecked,Checked,Unchecked,Unchecked,Unchecked,-1.0
866,GTVn,0.8249440715883669,1.9531240463256836,1123,0.45474229980544784,0.7872517371768033,1,0.42334746413656,1,4.546718452135996,1,Non-expert,Non-US,Unchecked,Checked,Checked,Checked,eContour website announcement,,Radiation Oncologist/Clinical Oncologist,,2016.0,Female,Unchecked,Checked,Unchecked,Unchecked,Unchecked,Yes,Academic/university,8.0,No,Unchecked,Unchecked,Unchecked,Unchecked,Unchecked,Unchecked,Checked,Unchecked,Unchecked,Unchecked,Unchecked,Unchecked,6.0
866,CTVn_4500,0.7215301073555566,10.194786376094163,59304,0.7166549918421159,0.7135174369142904,1,0.7492252054607809,0,22.46092653274536,1,Non-expert,Non-US,Unchecked,Checked,Checked,Checked,eContour website announcement,,Radiation Oncologist/Clinical Oncologist,,2016.0,Female,Unchecked,Checked,Unchecked,Unchecked,Unchecked,Yes,Academic/university,8.0,No,Unchecked,Unchecked,Unchecked,Unchecked,Unchecked,Unchecked,Checked,Unchecked,Unchecked,Unchecked,Unchecked,Unchecked,6.0
866,CTVp_4500,0.6238629799844295,34.581692129270934,30445,0.5077982342337821,0.7802725272109252,0,0.7400033935467787,0,21.733915775795886,0,Non-expert,Non-US,Unchecked,Checked,Checked,Checked,eContour website announcement,,Radiation Oncologist/Clinical Oncologist,,2016.0,Female,Unchecked,Checked,Unchecked,Unchecked,Unchecked,Yes,Academic/university,8.0,No,Unchecked,Unchecked,Unchecked,Unchecked,Unchecked,Unchecked,Checked,Unchecked,Unchecked,Unchecked,Unchecked,Unchecked,6.0
866,Bowel_Small,0.1432073618446477,64.54801766342489,145869,0.29478245977549405,0.7906517322838584,0,0.6931206822383676,0,21.815304167868636,0,Non-expert,Non-US,Unchecked,Checked,Checked,Checked,eContour website announcement,,Radiation Oncologist/Clinical Oncologist,,2016.0,Female,Unchecked,Checked,Unchecked,Unchecked,Unchecked,Yes,Academic/university,8.0,No,Unchecked,Unchecked,Unchecked,Unchecked,Unchecked,Unchecked,Checked,Unchecked,Unchecked,Unchecked,Unchecked,Unchecked,6.0
871,GTVn,0.8523827024378292,2.762134515310799,883,0.5648355926543753,0.7872517371768033,1,0.42334746413656,1,4.546718452135996,1,Non-expert,Non-US,Checked,Checked,Checked,Checked,eContour website announcement,,Radiation Oncologist/Clinical Oncologist,,,Female,Unchecked,Unchecked,Unchecked,Checked,Unchecked,Yes,Non-academic hospital,3.0,Yes,Checked,Checked,Checked,Checked,Checked,Checked,Checked,Unchecked,Checked,Checked,Checked,Checked,
871,CTVn_4500,0.6203241598935311,26.29473719560303,59870,0.649881956665316,0.7135174369142904,0,0.7492252054607809,0,22.46092653274536,0,Non-expert,Non-US,Checked,Checked,Checked,Checked,eContour website announcement,,Radiation Oncologist/Clinical Oncologist,,,Female,Unchecked,Unchecked,Unchecked,Checked,Unchecked,Yes,Non-academic hospital,3.0,Yes,Checked,Checked,Checked,Checked,Checked,Checked,Checked,Unchecked,Checked,Checked,Checked,Checked,
871,CTVp_4500,0.8427153701927096,5.859372138977051,22466,0.8670776978320808,0.7802725272109252,1,0.7400033935467787,1,21.733915775795886,1,Non-expert,Non-US,Checked,Checked,Checked,Checked,eContour website announcement,,Radiation Oncologist/Clinical Oncologist,,,Female,Unchecked,Unchecked,Unchecked,Checked,Unchecked,Yes,Non-academic hospital,3.0,Yes,Checked,Checked,Checked,Checked,Checked,Checked,Checked,Unchecked,Checked,Checked,Checked,Checked,
871,Bowel_Small,0.7723425183093867,27.34373664855957,119349,0.7159360717418398,0.7906517322838584,0,0.6931206822383676,1,21.815304167868636,0,Non-expert,Non-US,Checked,Checked,Checked,Checked,eContour website announcement,,Radiation Oncologist/Clinical Oncologist,,,Female,Unchecked,Unchecked,Unchecked,Checked,Unchecked,Yes,Non-academic hospital,3.0,Yes,Checked,Checked,Checked,Checked,Checked,Checked,Checked,Unchecked,Checked,Checked,Checked,Checked,
873,GTVn,0.7666716619211749,5.367931961224509,1287,0.3869923612502681,0.7872517371768033,0,0.42334746413656,0,4.546718452135996,0,Non-expert,Non-US,Checked,Checked,Checked,Checked,Colleague (word of mouth),,Radiation Oncologist/Clinical Oncologist,,2008.0,Male,Unchecked,Checked,Unchecked,Unchecked,Unchecked,No,Private practice (solo or group),1.0,Yes,Checked,Checked,Checked,Checked,Checked,Checked,Checked,Checked,Checked,Unchecked,Unchecked,Checked,14.0
873,CTVp_4500,0.5361613872288564,75.05719859191225,30270,0.41125405778884827,0.7802725272109252,0,0.7400033935467787,0,21.733915775795886,0,Non-expert,Non-US,Checked,Checked,Checked,Checked,Colleague (word of mouth),,Radiation Oncologist/Clinical Oncologist,,2008.0,Male,Unchecked,Checked,Unchecked,Unchecked,Unchecked,No,Private practice (solo or group),1.0,Yes,Checked,Checked,Checked,Checked,Checked,Checked,Checked,Checked,Checked,Unchecked,Unchecked,Checked,14.0
873,Bowel_Small,0.7922797138653027,26.36717462539673,133180,0.679173011400376,0.7906517322838584,1,0.6931206822383676,0,21.815304167868636,0,Non-expert,Non-US,Checked,Checked,Checked,Checked,Colleague (word of mouth),,Radiation Oncologist/Clinical Oncologist,,2008.0,Male,Unchecked,Checked,Unchecked,Unchecked,Unchecked,No,Private practice (solo or group),1.0,Yes,Checked,Checked,Checked,Checked,Checked,Checked,Checked,Checked,Checked,Unchecked,Unchecked,Checked,14.0
885,GTVn,0.6734529003069963,7.343954605945978,1319,0.3799129150697198,0.7872517371768033,0,0.42334746413656,0,4.546718452135996,0,Non-expert,Non-US,Checked,Checked,Checked,Checked,eContour website announcement,,Radiation Oncologist/Clinical Oncologist,,2018.0,Female,Unchecked,Checked,Unchecked,Unchecked,Unchecked,Yes,Academic/university,8.0,No,Checked,Checked,Checked,Checked,Checked,Checked,Checked,Checked,Checked,Unchecked,Checked,Checked,4.0
885,CTVn_4500,0.685300691857371,23.437488555908203,61248,0.6945493245862866,0.7135174369142904,0,0.7492252054607809,0,22.46092653274536,0,Non-expert,Non-US,Checked,Checked,Checked,Checked,eContour website announcement,,Radiation Oncologist/Clinical Oncologist,,2018.0,Female,Unchecked,Checked,Unchecked,Unchecked,Unchecked,Yes,Academic/university,8.0,No,Checked,Checked,Checked,Checked,Checked,Checked,Checked,Checked,Checked,Unchecked,Checked,Checked,4.0
885,CTVp_4500,0.8104949886555454,9.765620231628418,23008,0.8009899504143067,0.7802725272109252,1,0.7400033935467787,1,21.733915775795886,1,Non-expert,Non-US,Checked,Checked,Checked,Checked,eContour website announcement,,Radiation Oncologist/Clinical Oncologist,,2018.0,Female,Unchecked,Checked,Unchecked,Unchecked,Unchecked,Yes,Academic/university,8.0,No,Checked,Checked,Checked,Checked,Checked,Checked,Checked,Checked,Checked,Unchecked,Checked,Checked,4.0
885,Bowel_Small,0.6583492094192738,25.390612602233887,131063,0.5445732450515444,0.7906517322838584,0,0.6931206822383676,0,21.815304167868636,0,Non-expert,Non-US,Checked,Checked,Checked,Checked,eContour website announcement,,Radiation Oncologist/Clinical Oncologist,,2018.0,Female,Unchecked,Checked,Unchecked,Unchecked,Unchecked,Yes,Academic/university,8.0,No,Checked,Checked,Checked,Checked,Checked,Checked,Checked,Checked,Checked,Unchecked,Checked,Checked,4.0
933,GTVn,0.840333907512919,3.1724901166647643,1047,0.4896181927844825,0.7872517371768033,1,0.42334746413656,1,4.546718452135996,1,Non-expert,Non-US,Unchecked,Unchecked,Checked,Checked,eContour website announcement,,Radiation Oncologist/Clinical Oncologist,,2017.0,Male,Checked,Unchecked,Unchecked,Unchecked,Unchecked,Yes,Academic/university,20.0,Yes,Checked,Checked,Checked,Checked,Checked,Checked,Checked,Checked,Checked,Checked,Checked,Unchecked,5.0
933,CTVn_4500,0.6920805583025952,21.14522126747768,58692,0.7187155640490044,0.7135174369142904,0,0.7492252054607809,0,22.46092653274536,1,Non-expert,Non-US,Unchecked,Unchecked,Checked,Checked,eContour website announcement,,Radiation Oncologist/Clinical Oncologist,,2017.0,Male,Checked,Unchecked,Unchecked,Unchecked,Unchecked,Yes,Academic/university,20.0,Yes,Checked,Checked,Checked,Checked,Checked,Checked,Checked,Checked,Checked,Checked,Checked,Unchecked,5.0
933,CTVp_4500,0.8186840048811848,8.734636272147354,23008,0.8395011822597943,0.7802725272109252,1,0.7400033935467787,1,21.733915775795886,1,Non-expert,Non-US,Unchecked,Unchecked,Checked,Checked,eContour website announcement,,Radiation Oncologist/Clinical Oncologist,,2017.0,Male,Checked,Unchecked,Unchecked,Unchecked,Unchecked,Yes,Academic/university,20.0,Yes,Checked,Checked,Checked,Checked,Checked,Checked,Checked,Checked,Checked,Checked,Checked,Unchecked,5.0
933,Bowel_Small,0.8975630122806498,10.080542570139281,123975,0.8239613607363382,0.7906517322838584,1,0.6931206822383676,1,21.815304167868636,1,Non-expert,Non-US,Unchecked,Unchecked,Checked,Checked,eContour website announcement,,Radiation Oncologist/Clinical Oncologist,,2017.0,Male,Checked,Unchecked,Unchecked,Unchecked,Unchecked,Yes,Academic/university,20.0,Yes,Checked,Checked,Checked,Checked,Checked,Checked,Checked,Checked,Checked,Checked,Checked,Unchecked,5.0
964,GTVn,0.799357476635514,6.063625015012462,1154,0.46233958398799835,0.7872517371768033,1,0.42334746413656,1,4.546718452135996,0,Non-expert,US,Unchecked,Unchecked,Checked,Checked,Colleague (word of mouth),,Resident Physician,4.0,,Male,Checked,Unchecked,Unchecked,Unchecked,Unchecked,Yes,Academic/university,10.0,Yes,Unchecked,Unchecked,Checked,Checked,Checked,Checked,Unchecked,Unchecked,Unchecked,Unchecked,Unchecked,Unchecked,
964,CTVn_4500,0.6235233795630479,27.80815365804129,64662,0.6074288044251448,0.7135174369142904,0,0.7492252054607809,0,22.46092653274536,0,Non-expert,US,Unchecked,Unchecked,Checked,Checked,Colleague (word of mouth),,Resident Physician,4.0,,Male,Checked,Unchecked,Unchecked,Unchecked,Unchecked,Yes,Academic/university,10.0,Yes,Unchecked,Unchecked,Checked,Checked,Checked,Checked,Unchecked,Unchecked,Unchecked,Unchecked,Unchecked,Unchecked,
964,CTVp_4500,0.7871933764918307,32.733908629452465,25097,0.6959837647722118,0.7802725272109252,1,0.7400033935467787,0,21.733915775795886,0,Non-expert,US,Unchecked,Unchecked,Checked,Checked,Colleague (word of mouth),,Resident Physician,4.0,,Male,Checked,Unchecked,Unchecked,Unchecked,Unchecked,Yes,Academic/university,10.0,Yes,Unchecked,Unchecked,Checked,Checked,Checked,Checked,Unchecked,Unchecked,Unchecked,Unchecked,Unchecked,Unchecked,
964,Bowel_Small,0.8730355493033599,20.60059844670384,118882,0.7938202460158693,0.7906517322838584,1,0.6931206822383676,1,21.815304167868636,1,Non-expert,US,Unchecked,Unchecked,Checked,Checked,Colleague (word of mouth),,Resident Physician,4.0,,Male,Checked,Unchecked,Unchecked,Unchecked,Unchecked,Yes,Academic/university,10.0,Yes,Unchecked,Unchecked,Checked,Checked,Checked,Checked,Unchecked,Unchecked,Unchecked,Unchecked,Unchecked,Unchecked,
978,GTVn,0.8824136152656008,1.9531240463256836,851,0.6040555026467016,0.7872517371768033,1,0.42334746413656,1,4.546718452135996,1,Non-expert,Non-US,Unchecked,Unchecked,Checked,Unchecked,eContour website announcement,,Radiation Oncologist/Clinical Oncologist,,2021.0,Male,Checked,Unchecked,Unchecked,Unchecked,Unchecked,Yes,Academic/university,7.0,Yes,Checked,Checked,Checked,Checked,Checked,Checked,Checked,Checked,Checked,Unchecked,Checked,Checked,1.0
978,CTVn_4500,0.6709526204416272,21.769445411100822,61723,0.6502879455849386,0.7135174369142904,0,0.7492252054607809,0,22.46092653274536,1,Non-expert,Non-US,Unchecked,Unchecked,Checked,Unchecked,eContour website announcement,,Radiation Oncologist/Clinical Oncologist,,2021.0,Male,Checked,Unchecked,Unchecked,Unchecked,Unchecked,Yes,Academic/university,7.0,Yes,Checked,Checked,Checked,Checked,Checked,Checked,Checked,Checked,Checked,Unchecked,Checked,Checked,1.0
978,CTVp_4500,0.6845942672210192,73.60313038233618,27921,0.5760932054690907,0.7802725272109252,0,0.7400033935467787,0,21.733915775795886,0,Non-expert,Non-US,Unchecked,Unchecked,Checked,Unchecked,eContour website announcement,,Radiation Oncologist/Clinical Oncologist,,2021.0,Male,Checked,Unchecked,Unchecked,Unchecked,Unchecked,Yes,Academic/university,7.0,Yes,Checked,Checked,Checked,Checked,Checked,Checked,Checked,Checked,Checked,Unchecked,Checked,Checked,1.0
978,Bowel_Small,0.8972557180442344,14.86023255685718,117629,0.8481393794077924,0.7906517322838584,1,0.6931206822383676,1,21.815304167868636,1,Non-expert,Non-US,Unchecked,Unchecked,Checked,Unchecked,eContour website announcement,,Radiation Oncologist/Clinical Oncologist,,2021.0,Male,Checked,Unchecked,Unchecked,Unchecked,Unchecked,Yes,Academic/university,7.0,Yes,Checked,Checked,Checked,Checked,Checked,Checked,Checked,Checked,Checked,Unchecked,Checked,Checked,1.0
985,CTVn_4500,0.5434760128228584,46.68129909199955,65246,0.5610844323149342,0.7135174369142904,0,0.7492252054607809,0,22.46092653274536,0,Non-expert,Non-US,Checked,Unchecked,Checked,Checked,Colleague (word of mouth),,Radiation Therapist,,,Female,Unchecked,Unchecked,Unchecked,Checked,Unchecked,No,Private practice (solo or group),1.0,No,Checked,Unchecked,Unchecked,Unchecked,Unchecked,Unchecked,Unchecked,Unchecked,Unchecked,Unchecked,Unchecked,Unchecked,
